City_ID,City,Country,Date,Lat,Lng,Max Temp,Humidity,Cloudiness,Wind Speed
0,Kovylkino,RU,2020-04-16 23:57:52,54.04,43.91,40.17,82,100,15.77
1,Huarmey,PE,2020-04-16 23:57:52,-10.07,-78.15,74.66,70,42,7.94
2,Mopti,ML,2020-04-16 23:57:52,14.67,-4.0,87.57,19,6,10.67
3,Sistranda,NO,2020-04-16 23:57:53,63.73,8.83,37.4,74,75,23.04
4,Cabo San Lucas,MX,2020-04-16 23:53:43,22.89,-109.91,84.0,41,20,10.29
5,Kalmunai,LK,2020-04-16 23:57:53,7.42,81.82,80.96,77,56,3.53
6,Machico,PT,2020-04-16 23:57:53,32.7,-16.77,60.8,67,20,3.36
7,Tuktoyaktuk,CA,2020-04-16 23:57:54,69.45,-133.04,17.6,85,90,12.75
8,Jamestown,US,2020-04-16 23:57:54,42.1,-79.24,37.4,50,40,16.11
9,Wexford,IE,2020-04-16 23:57:54,52.33,-6.46,51.01,72,16,1.99
10,Hambantota,LK,2020-04-16 23:57:54,6.12,81.12,79.86,82,16,3.85
11,Narsaq,GL,2020-04-16 23:57:54,60.92,-46.05,32.0,91,100,1.12
12,Punta Arenas,CL,2020-04-16 23:55:40,-53.15,-70.92,50.0,87,75,9.17
13,Rikitea,PF,2020-04-16 23:57:38,-23.12,-134.97,76.37,75,24,12.77
14,Sovetskiy,RU,2020-04-16 23:57:55,61.36,63.58,42.8,92,100,9.26
15,Port Alfred,ZA,2020-04-16 23:57:55,-33.59,26.89,57.99,85,0,3.0
16,Eyrarbakki,IS,2020-04-16 23:57:55,63.86,-21.15,44.6,75,75,12.75
17,Mana,GF,2020-04-16 23:57:55,5.66,-53.78,77.79,86,90,7.31
18,Lai,TD,2020-04-16 23:57:56,9.4,16.3,84.22,12,46,3.71
19,Esperance,AU,2020-04-16 23:57:56,-33.87,121.9,57.2,87,0,5.82
20,Upernavik,GL,2020-04-16 23:57:56,72.79,-56.15,24.69,89,100,9.66
21,High Level,CA,2020-04-16 23:57:56,58.52,-117.14,55.4,37,75,9.17
22,Bluff,NZ,2020-04-16 23:57:56,-46.6,168.33,46.0,95,100,5.99
23,Ribeira Grande,PT,2020-04-16 23:57:57,38.52,-28.7,58.57,76,31,10.67
24,Vaini,TO,2020-04-16 23:57:57,-21.2,-175.2,80.6,74,75,4.7
25,Hermanus,ZA,2020-04-16 23:57:57,-34.42,19.23,59.0,94,92,2.26
26,Hualmay,PE,2020-04-16 23:57:57,-11.1,-77.61,72.34,74,16,6.51
27,Axim,GH,2020-04-16 23:57:58,4.87,-2.24,82.33,85,74,10.04
28,Te Anau,NZ,2020-04-16 23:57:58,-45.42,167.72,55.99,71,85,4.54
29,San Patricio,MX,2020-04-16 23:57:58,19.22,-104.7,77.0,73,5,11.41
30,San Rafael,AR,2020-04-16 23:57:58,-34.62,-68.33,70.32,35,25,11.61
31,Ushuaia,AR,2020-04-16 23:57:44,-54.8,-68.3,57.2,54,98,20.8
32,Tigil,RU,2020-04-16 23:57:59,57.8,158.67,26.74,97,85,3.69
33,Kihei,US,2020-04-16 23:57:59,20.79,-156.47,84.2,48,40,21.92
34,Qandala,SO,2020-04-16 23:57:08,11.47,49.87,84.04,68,11,9.6
35,Georgetown,MY,2020-04-16 23:57:59,5.41,100.34,80.6,88,40,3.51
36,Dingle,PH,2020-04-16 23:57:59,11.0,122.67,83.97,72,39,10.09
37,Kaitangata,NZ,2020-04-16 23:58:00,-46.28,169.85,48.99,81,100,4.0
38,Victoria,HK,2020-04-16 23:54:57,22.29,114.16,75.2,73,20,11.41
39,Mataura,NZ,2020-04-16 23:58:00,-46.19,168.86,46.0,95,100,5.99
40,Karratha,AU,2020-04-16 23:58:00,-20.74,116.85,84.38,62,90,12.57
41,Kapaa,US,2020-04-16 23:58:00,22.08,-159.32,82.4,65,20,12.75
42,Tasiilaq,GL,2020-04-16 23:58:01,65.61,-37.64,30.2,92,100,28.86
43,Kodiak,US,2020-04-16 23:58:01,57.79,-152.41,46.4,75,1,6.93
44,Paita,PE,2020-04-16 23:58:01,-5.09,-81.11,76.55,66,84,17.94
45,Torbay,CA,2020-04-16 23:57:33,47.67,-52.73,32.0,86,90,19.46
46,Atar,MR,2020-04-16 23:58:01,20.52,-13.05,78.48,17,95,3.09
47,Chumikan,RU,2020-04-16 23:58:02,54.72,135.31,41.34,67,50,4.76
48,Oistins,BB,2020-04-16 23:58:02,13.07,-59.53,78.8,69,40,14.99
49,Palaia Fokaia,GR,2020-04-16 23:58:02,37.72,23.95,55.99,49,0,4.7
50,Marawi,PH,2020-04-16 23:58:02,8.0,124.29,77.61,58,55,1.5
51,Haines Junction,CA,2020-04-16 23:58:03,60.75,-137.51,43.09,66,100,2.01
52,Lasa,IT,2020-04-16 23:58:03,46.62,10.7,45.0,39,5,2.24
53,Albany,US,2020-04-16 23:57:31,42.6,-73.97,39.2,40,20,10.29
54,Carutapera,BR,2020-04-16 23:58:03,-1.2,-46.02,80.26,80,90,4.97
55,Dire,ML,2020-04-16 23:58:04,12.28,-10.97,89.13,32,93,1.25
56,Cape Town,ZA,2020-04-16 23:57:53,-33.93,18.42,59.0,93,86,4.7
57,Saskylakh,RU,2020-04-16 23:58:04,71.92,114.08,-5.15,90,0,3.02
58,Fortuna,US,2020-04-16 23:58:04,40.6,-124.16,64.99,87,20,9.17
59,Middelburg,ZA,2020-04-16 23:58:05,-25.78,29.46,53.02,35,0,8.5
60,Porto Novo,BJ,2020-04-16 23:58:05,6.5,2.6,86.0,84,40,12.75
61,Alice Springs,AU,2020-04-16 23:58:05,-23.7,133.88,73.4,46,66,16.11
62,Tiksi,RU,2020-04-16 23:58:05,71.69,128.87,-4.56,91,100,7.18
63,Bengkulu,ID,2020-04-16 23:58:05,-3.8,102.27,76.08,89,100,5.3
64,Puerto Ayora,EC,2020-04-16 23:57:39,-0.74,-90.35,82.4,83,75,12.75
65,Hobart,AU,2020-04-16 23:58:06,-42.88,147.33,51.8,53,75,21.92
66,Mount Gambier,AU,2020-04-16 23:53:07,-37.83,140.77,55.4,87,90,10.29
67,Bemidji,US,2020-04-16 23:58:06,47.47,-94.88,41.0,32,40,18.34
68,Vao,NC,2020-04-16 23:58:10,-22.67,167.48,74.79,63,22,9.84
69,Nikolskoye,RU,2020-04-16 23:57:48,59.7,30.79,37.4,90,75,11.18
70,Butaritari,KI,2020-04-16 23:58:10,3.07,172.79,83.98,75,99,13.87
71,Kavieng,PG,2020-04-16 23:58:10,-2.57,150.8,77.56,92,100,20.78
72,Pingzhuang,CN,2020-04-16 23:58:10,42.04,119.29,44.85,49,99,20.62
73,Busselton,AU,2020-04-16 23:58:11,-33.65,115.33,55.0,61,13,8.05
74,Tura,IN,2020-04-16 23:58:11,25.52,90.22,67.12,67,79,1.34
75,Salina,US,2020-04-16 23:58:11,38.84,-97.61,44.6,75,90,18.34
76,Bethel,US,2020-04-16 23:57:01,41.37,-73.41,46.4,24,1,8.05
77,Nishihara,JP,2020-04-16 23:58:12,26.18,127.76,71.6,64,20,9.17
78,Anderson,US,2020-04-16 23:57:50,34.53,-82.65,66.2,25,1,6.93
79,Aklavik,CA,2020-04-16 23:58:12,68.22,-135.01,33.8,86,90,17.22
80,Carnarvon,AU,2020-04-16 23:58:15,-24.87,113.63,73.4,73,75,6.93
81,Odweyne,SO,2020-04-16 23:58:15,9.41,45.06,75.45,52,57,7.36
82,Yellowknife,CA,2020-04-16 23:58:16,62.46,-114.35,37.99,92,90,9.17
83,Roald,NO,2020-04-16 23:58:16,62.58,6.13,39.2,55,91,5.82
84,Barentu,ER,2020-04-16 23:58:16,15.11,37.59,63.99,24,0,1.32
85,Ikalamavony,MG,2020-04-16 23:58:16,-21.15,46.58,61.59,64,12,6.71
86,Olafsvik,IS,2020-04-16 23:58:17,64.89,-23.71,42.49,94,99,18.32
87,Tuatapere,NZ,2020-04-16 23:58:17,-46.13,167.68,46.0,95,98,5.99
88,Biala Podlaska,PL,2020-04-16 23:58:17,52.03,23.12,40.06,71,82,5.19
89,Mar Del Plata,AR,2020-04-16 23:57:30,-38.0,-57.56,62.01,87,0,3.36
90,Sur,OM,2020-04-16 23:58:17,22.57,59.53,79.84,58,42,5.73
91,Guerrero Negro,MX,2020-04-16 23:58:18,27.98,-114.06,72.0,35,100,14.79
92,Juan Lacaze,UY,2020-04-16 23:58:18,-34.43,-57.44,55.99,89,0,7.25
93,Lorengau,PG,2020-04-16 23:58:18,-2.02,147.27,82.04,77,99,6.6
94,Sitka,US,2020-04-16 23:58:18,57.05,-135.33,44.6,93,90,6.93
95,Juneau,US,2020-04-16 23:55:00,58.3,-134.42,46.4,87,90,4.7
96,Barrow,US,2020-04-16 23:58:04,71.29,-156.79,15.8,78,90,10.29
97,Beira,MZ,2020-04-16 23:54:54,-19.84,34.84,77.05,91,39,7.67
98,Atambua,ID,2020-04-16 23:58:19,-9.11,124.89,79.07,74,7,1.3
99,New Norfolk,AU,2020-04-16 23:58:19,-42.78,147.06,51.8,53,75,21.92
100,Puerto Del Rosario,ES,2020-04-16 23:53:23,28.5,-13.86,68.0,72,19,4.7
101,Ahuimanu,US,2020-04-16 23:58:20,21.44,-157.84,84.2,58,75,11.41
102,La Maddalena,IT,2020-04-16 23:58:20,41.21,9.41,57.2,82,22,10.29
103,Mailsi,PK,2020-04-16 23:58:20,29.8,72.18,86.85,22,100,5.41
104,Dumas,US,2020-04-16 23:58:20,35.87,-101.97,82.4,9,1,20.8
105,Fairbanks,US,2020-04-16 23:54:29,64.84,-147.72,44.6,80,90,11.41
106,Richards Bay,ZA,2020-04-16 23:58:21,-28.78,32.04,68.99,79,13,5.35
107,Arenillas,ES,2020-04-16 23:58:21,41.35,-2.85,50.0,93,89,1.99
108,Werda,BW,2020-04-16 23:58:21,-25.27,23.28,62.11,20,0,10.16
109,Konanur,IN,2020-04-16 23:58:21,12.63,76.05,70.0,67,33,1.23
110,Bagdarin,RU,2020-04-16 23:58:22,54.43,113.6,42.1,40,27,1.97
111,Novyy Urengoy,RU,2020-04-16 23:58:22,66.08,76.63,27.91,98,100,7.96
112,Bubaque,GW,2020-04-16 23:58:22,11.28,-15.83,79.47,69,49,14.2
113,Kruisfontein,ZA,2020-04-16 23:58:22,-34.0,24.73,55.72,64,12,4.0
114,Mega,ET,2020-04-16 23:58:23,4.05,38.3,62.47,58,62,6.78
115,Coos Bay,US,2020-04-16 23:58:23,43.37,-124.22,73.99,27,1,10.29
116,Khatanga,RU,2020-04-16 23:58:13,71.97,102.5,4.93,90,0,12.06
117,Mindelo,CV,2020-04-16 23:58:23,16.89,-24.98,69.3,75,31,13.0
118,Chuy,UY,2020-04-16 23:58:24,-33.7,-53.46,62.49,87,4,8.14
119,Burnie,AU,2020-04-16 23:58:24,-41.07,145.92,53.01,82,51,21.0
120,Qaanaaq,GL,2020-04-16 23:57:59,77.48,-69.36,16.02,83,100,2.13
121,Sebeta,ET,2020-04-16 23:58:25,8.92,38.62,60.8,67,75,4.7
122,Nemuro,JP,2020-04-16 23:58:25,43.32,145.57,44.6,52,20,4.7
123,Komsomolskiy,UZ,2020-04-16 23:57:37,40.43,71.72,50.0,76,65,4.7
124,Henties Bay,NA,2020-04-16 23:58:25,-22.12,14.28,55.99,90,5,1.01
125,Tecoanapa,MX,2020-04-16 23:58:26,16.52,-98.75,83.66,58,46,7.34
126,Boffa,GN,2020-04-16 23:58:26,10.17,-14.03,81.41,70,98,7.99
127,Zeya,RU,2020-04-16 23:58:26,53.75,127.27,47.14,49,1,3.94
128,Hilo,US,2020-04-16 23:56:55,19.73,-155.09,78.8,57,90,11.99
129,Saint-Francois,FR,2020-04-16 23:58:27,46.42,3.91,51.8,66,82,2.24
130,Arraial Do Cabo,BR,2020-04-16 23:58:27,-22.97,-42.03,75.79,82,100,9.17
131,Carbonia,IT,2020-04-16 23:58:27,39.17,8.52,61.0,87,40,6.93
132,Husavik,IS,2020-04-16 23:58:27,66.04,-17.34,41.0,65,20,24.16
133,Yumen,CN,2020-04-16 23:58:27,40.28,97.2,50.0,22,100,16.89
134,Ilulissat,GL,2020-04-16 23:58:28,69.22,-51.1,32.0,87,88,18.34
135,Luangwa,ZM,2020-04-16 23:58:28,-15.62,30.42,73.53,60,1,3.15
136,Ouargaye,BF,2020-04-16 23:58:28,11.5,0.06,92.46,9,0,11.54
137,Qaqortoq,GL,2020-04-16 23:58:28,60.72,-46.03,32.0,93,100,1.12
138,Airai,TL,2020-04-16 23:58:29,-8.93,125.41,69.06,58,6,3.22
139,Muros,ES,2020-04-16 23:58:29,42.78,-9.06,59.0,100,40,9.17
140,Tamiahua,MX,2020-04-16 23:58:29,21.27,-97.45,78.01,81,60,3.78
141,Srednekolymsk,RU,2020-04-16 23:58:29,67.45,153.68,6.75,92,100,9.95
142,Easton,US,2020-04-16 23:57:21,40.69,-75.22,46.4,56,90,11.41
143,Lebu,CL,2020-04-16 23:58:30,-37.62,-73.65,56.3,87,10,8.7
144,Hofn,IS,2020-04-16 23:58:30,64.25,-15.21,40.71,69,39,12.82
145,Daru,PG,2020-04-16 23:58:30,-9.08,143.21,81.14,82,95,5.99
146,Geraldton,AU,2020-04-16 23:58:30,-28.77,114.6,64.4,77,86,5.82
147,Nanortalik,GL,2020-04-16 23:58:31,60.14,-45.24,31.73,98,99,9.86
148,Mehamn,NO,2020-04-16 23:58:31,71.04,27.85,35.31,92,100,17.72
149,Bredasdorp,ZA,2020-04-16 23:58:31,-34.53,20.04,59.0,94,100,0.36
150,Pedernales,DO,2020-04-16 23:58:31,18.04,-71.74,79.25,69,31,1.43
151,Chokurdakh,RU,2020-04-16 23:58:32,70.63,147.92,-4.65,91,87,9.93
152,Margate,GB,2020-04-16 23:58:32,51.38,1.39,51.01,81,0,8.05
153,Hokitika,NZ,2020-04-16 23:58:32,-42.72,170.97,58.17,81,100,5.44
154,Padang,ID,2020-04-16 23:58:32,-0.95,100.35,77.77,78,98,2.51
155,Ketchikan,US,2020-04-16 23:58:32,55.34,-131.65,51.8,76,75,13.87
156,Hanstholm,DK,2020-04-16 23:58:33,57.12,8.62,42.01,85,22,7.96
157,Ratnagiri,IN,2020-04-16 23:58:33,16.98,73.3,78.28,88,5,2.35
158,Tateyama,JP,2020-04-16 23:58:33,34.98,139.87,54.0,76,75,16.11
159,Galdar,ES,2020-04-16 23:58:33,28.15,-15.65,66.2,72,75,6.93
160,Noumea,NC,2020-04-16 23:56:16,-22.28,166.46,82.4,54,33,3.36
161,Cherskiy,RU,2020-04-16 23:58:04,68.75,161.3,9.72,92,50,5.48
162,Jinchang,CN,2020-04-16 23:58:34,38.5,102.17,43.74,27,100,10.33
163,Bundaberg,AU,2020-04-16 23:58:34,-24.85,152.35,82.99,69,0,8.05
164,Dikson,RU,2020-04-16 23:58:34,73.51,80.55,-1.68,86,0,9.62
165,Bambous Virieux,MU,2020-04-16 23:58:34,-20.34,57.76,77.0,73,40,11.41
166,Constitucion,CL,2020-04-16 23:58:35,-35.33,-72.42,56.01,82,33,5.53
167,Inhambane,MZ,2020-04-16 23:58:35,-23.86,35.38,76.51,85,48,5.7
168,Manitouwadge,CA,2020-04-16 23:58:35,49.12,-85.84,25.14,92,98,5.23
169,Nalgonda,IN,2020-04-16 23:58:36,17.05,79.27,77.0,61,0,5.53
170,Klaksvik,FO,2020-04-16 23:58:36,62.23,-6.59,39.2,86,51,10.54
171,Vila Velha,BR,2020-04-16 23:58:36,-20.33,-40.29,77.0,88,80,6.93
172,Flinders,AU,2020-04-16 23:58:39,-34.58,150.86,71.01,45,3,13.87
173,Imeni Babushkina,RU,2020-04-16 23:58:39,59.76,43.13,30.76,96,100,7.56
174,Bodden Town,KY,2020-04-16 23:56:07,19.28,-81.25,86.0,79,20,9.17
175,Nisia Floresta,BR,2020-04-16 23:58:40,-6.09,-35.21,77.0,94,20,6.93
176,Alyangula,AU,2020-04-16 23:58:40,-13.85,136.42,82.4,83,25,5.08
177,Coihaique,CL,2020-04-16 23:58:40,-45.58,-72.07,59.0,93,90,5.82
178,Eldoret,KE,2020-04-16 23:58:40,0.52,35.27,58.05,53,99,3.38
179,Saint-Philippe,RE,2020-04-16 23:58:41,-21.36,55.77,75.2,69,19,13.87
180,Thompson,CA,2020-04-16 23:58:41,55.74,-97.86,28.4,50,75,3.36
181,Isangel,VU,2020-04-16 23:58:41,-19.55,169.27,84.2,66,75,9.17
182,Zaoyang,CN,2020-04-16 23:58:41,32.13,112.75,59.77,57,100,11.54
183,Vila Franca Do Campo,PT,2020-04-16 23:58:41,37.72,-25.43,55.4,87,20,3.36
184,Olinda,BR,2020-04-16 23:58:42,-8.01,-34.86,78.8,94,75,3.36
185,Baykalsk,RU,2020-04-16 23:58:42,51.51,104.15,42.03,56,25,1.54
186,Grindavik,IS,2020-04-16 23:58:42,63.84,-22.43,44.6,100,90,14.99
187,De-Kastri,RU,2020-04-16 23:58:42,51.47,140.78,40.91,70,0,10.07
188,Acarau,BR,2020-04-16 23:58:43,-2.89,-40.12,77.88,89,47,6.35
189,Atuona,PF,2020-04-16 23:58:46,-9.8,-139.03,82.76,72,29,12.1
190,Lompoc,US,2020-04-16 23:57:26,34.64,-120.46,71.01,72,1,14.99
191,Bonthe,SL,2020-04-16 23:58:46,7.53,-12.51,81.39,82,70,7.76
192,Harper,LR,2020-04-16 23:58:46,4.38,-7.72,81.41,86,56,9.08
193,Luwuk,ID,2020-04-16 23:58:47,-0.95,122.79,83.71,70,11,1.21
194,Tommot,RU,2020-04-16 23:58:47,58.96,126.29,15.98,86,59,6.02
195,Dhidhdhoo,MV,2020-04-16 23:58:47,6.88,73.1,85.35,65,97,6.8
196,Coquimbo,CL,2020-04-16 23:58:47,-29.95,-71.34,60.8,82,15,5.82
197,Lagoa,PT,2020-04-16 23:58:50,39.05,-27.98,59.43,81,7,13.82
198,Port Elizabeth,ZA,2020-04-16 23:58:51,-33.92,25.57,55.4,82,0,4.7
199,Hithadhoo,MV,2020-04-16 23:58:51,-0.6,73.08,84.54,70,68,6.69
200,Koubia,GN,2020-04-16 23:58:51,11.58,-11.9,79.29,37,58,2.51
201,Ekhabi,RU,2020-04-16 23:58:51,53.51,142.97,36.0,83,0,7.52
202,Cairns,AU,2020-04-16 23:53:53,-16.92,145.77,84.0,74,75,11.41
203,Oktyabrskiy,RU,2020-04-16 23:58:52,54.48,53.47,35.11,81,37,11.18
204,Mecca,SA,2020-04-16 23:58:52,21.43,39.83,68.16,43,0,1.77
205,Norwich,GB,2020-04-16 23:58:52,52.63,1.3,48.99,87,78,6.93
206,Eureka,US,2020-04-16 23:58:52,40.8,-124.16,64.99,76,1,4.7
207,Sarkand,KZ,2020-04-16 23:58:53,45.41,79.92,42.84,47,29,2.39
208,Joshimath,IN,2020-04-16 23:58:53,30.57,79.57,51.78,18,99,4.59
209,Mookane,BW,2020-04-16 23:58:53,-23.69,26.66,63.73,20,0,3.02
210,Kamenka,RU,2020-04-16 23:58:53,51.32,42.77,43.0,89,78,4.0
211,Severo-Kurilsk,RU,2020-04-16 23:58:16,50.68,156.12,31.28,95,96,13.29
212,Saint George,US,2020-04-16 23:55:08,37.1,-113.58,73.0,21,20,16.11
213,Oum Hadjer,TD,2020-04-16 23:58:54,13.3,19.7,76.73,11,0,10.71
214,Mahebourg,MU,2020-04-16 23:58:54,-20.41,57.7,77.0,73,40,11.41
215,Xuddur,SO,2020-04-16 23:58:54,4.12,43.89,76.41,71,99,13.13
216,Bonito,BR,2020-04-16 23:58:55,-21.12,-56.48,60.64,62,0,3.24
217,Nago,JP,2020-04-16 23:58:55,26.59,127.98,71.6,68,1,5.82
218,Capissayan,PH,2020-04-16 23:58:55,18.05,121.82,80.35,72,67,4.65
219,Bang Saphan,TH,2020-04-16 23:58:56,11.21,99.51,77.0,94,40,2.93
220,Den Helder,NL,2020-04-16 23:58:56,52.96,4.76,51.01,70,90,18.34
221,Buta,CD,2020-04-16 23:58:56,2.79,24.73,74.93,64,83,0.83
222,Broken Hill,AU,2020-04-16 23:57:47,-31.95,141.43,57.2,62,91,13.87
223,Ostrovnoy,RU,2020-04-16 23:58:56,68.05,39.51,33.46,93,100,20.31
224,Weatherford,US,2020-04-16 23:58:57,32.76,-97.8,73.99,46,1,16.11
225,Tabory,RU,2020-04-16 23:58:57,58.52,64.55,47.35,62,100,11.79
226,Dunedin,NZ,2020-04-16 23:57:45,-45.87,170.5,48.99,81,100,1.01
227,Verkhnevilyuysk,RU,2020-04-16 23:58:57,63.45,120.32,11.19,86,41,8.28
228,Mariani,IN,2020-04-16 23:58:58,26.67,94.33,69.44,69,71,3.36
229,Hoa Binh,VN,2020-04-16 23:54:33,20.81,105.34,73.4,94,75,5.82
230,Vostok,RU,2020-04-16 23:58:58,46.49,135.88,48.83,35,0,1.54
231,Maragogi,BR,2020-04-16 23:58:58,-9.01,-35.22,80.47,80,96,11.05
232,Matay,EG,2020-04-16 23:58:58,28.42,30.78,60.49,64,5,10.51
233,Le Havre,FR,2020-04-16 23:58:59,49.49,0.11,57.2,71,12,6.93
234,Faanui,PF,2020-04-16 23:58:59,-16.48,-151.75,83.26,66,15,9.71
235,Calvinia,ZA,2020-04-16 23:58:59,-31.47,19.78,53.8,37,14,2.37
236,Ngunguru,NZ,2020-04-16 23:58:59,-35.62,174.5,73.99,71,89,4.0
237,Asti,IT,2020-04-16 23:58:59,44.9,8.21,55.99,62,9,3.04
238,Tadine,NC,2020-04-16 23:59:00,-21.55,167.88,78.51,60,10,10.45
239,Castro,BR,2020-04-16 23:59:00,-24.79,-50.01,53.17,38,0,1.72
240,Egvekinot,RU,2020-04-16 23:59:00,66.32,-179.17,19.65,93,99,12.06
241,East London,ZA,2020-04-16 23:54:14,-33.02,27.91,63.12,67,0,4.65
242,Sydney,AU,2020-04-16 23:54:47,-33.87,151.21,75.99,37,4,16.11
243,Avarua,CK,2020-04-16 23:58:09,-21.21,-159.78,82.4,61,92,5.82
244,Deer Lake,CA,2020-04-16 23:59:01,49.17,-57.43,26.6,86,90,16.11
245,Palakkad,IN,2020-04-16 23:59:01,10.78,76.65,77.5,78,64,0.72
246,Deogarh,IN,2020-04-16 23:59:01,21.53,84.73,76.17,50,14,2.91
247,Vojens,DK,2020-04-16 23:59:02,55.25,9.31,41.0,82,13,4.7
248,Luderitz,NA,2020-04-16 23:59:23,-26.65,15.16,55.4,87,41,12.75
249,Talnakh,RU,2020-04-16 23:59:23,69.49,88.4,23.0,67,34,20.13
250,Oranjemund,NA,2020-04-16 23:59:23,-28.55,16.43,55.96,82,5,6.38
251,Ponta Do Sol,PT,2020-04-16 23:59:23,32.67,-17.1,60.8,67,20,3.36
252,Clyde River,CA,2020-04-16 23:59:24,70.47,-68.59,3.2,84,20,12.75
253,Puerto Leguizamo,CO,2020-04-16 23:59:24,-0.19,-74.78,78.35,72,78,2.98
254,Pacific Grove,US,2020-04-16 23:57:08,36.62,-121.92,64.99,76,90,12.75
255,Paamiut,GL,2020-04-16 23:57:12,61.99,-49.67,27.43,92,93,11.32
256,Okhotsk,RU,2020-04-16 23:59:24,59.38,143.3,23.36,84,18,9.28
257,Lindsay,US,2020-04-16 23:59:25,36.2,-119.09,84.0,32,1,6.93
258,Afrikanda,RU,2020-04-16 23:59:25,67.44,32.78,28.74,96,89,11.07
259,Bud,US,2020-04-16 23:59:25,39.45,-86.18,48.0,48,1,3.36
260,Ugoofaaru,MV,2020-04-16 23:59:25,5.67,73.0,85.12,71,33,10.69
261,Merrill,US,2020-04-16 23:56:38,45.18,-89.68,37.4,44,75,11.41
262,Zemio,CF,2020-04-16 23:59:26,5.03,25.14,74.07,51,41,1.86
263,Cidreira,BR,2020-04-16 23:58:16,-30.18,-50.21,65.86,78,4,11.36
264,Tessalit,ML,2020-04-16 23:59:26,20.2,1.01,82.2,17,25,10.13
265,Mwinilunga,ZM,2020-04-16 23:59:26,-11.74,24.43,64.13,63,81,2.35
266,Grand Gaube,MU,2020-04-16 23:59:27,-20.01,57.66,77.0,73,40,11.41
267,Danjiangkou,CN,2020-04-16 23:59:27,32.54,111.51,58.91,60,100,6.6
268,Innisfail,AU,2020-04-16 23:59:27,-17.53,146.03,78.01,75,85,3.0
269,Hasaki,JP,2020-04-16 23:59:27,35.73,140.83,54.0,62,75,8.05
270,Cabedelo,BR,2020-04-16 23:59:27,-6.98,-34.83,77.0,100,75,2.24
271,Saldus,LV,2020-04-16 23:59:28,56.66,22.49,33.76,86,29,6.22
272,Kiruna,SE,2020-04-16 23:59:28,67.86,20.23,26.6,79,0,9.17
273,Faya,SA,2020-04-16 23:59:28,18.39,42.45,59.0,87,0,6.93
274,Yulara,AU,2020-04-16 23:59:28,-25.24,130.99,73.4,35,13,13.87
275,Sao Jose Da Coroa Grande,BR,2020-04-16 23:59:28,-8.9,-35.15,81.21,80,97,12.26
276,Krasnoyarskiy,RU,2020-04-16 23:59:29,51.97,59.9,41.23,82,100,12.55
277,Sept-Iles,CA,2020-04-16 23:55:28,50.2,-66.38,32.0,89,90,16.11
278,Maldonado,UY,2020-04-16 23:59:29,-34.67,-54.92,64.4,93,75,3.36
279,Port Hardy,CA,2020-04-16 23:59:29,50.7,-127.42,59.0,67,40,11.41
280,Bedesa,ET,2020-04-16 23:59:29,8.9,40.78,63.3,56,70,3.69
281,Nioro,GM,2020-04-16 23:59:30,13.35,-15.75,79.88,35,33,4.09
282,Brezova Pod Bradlom,SK,2020-04-16 23:59:30,48.66,17.54,53.01,75,90,1.12
283,Jorochito,BO,2020-04-16 23:59:31,-18.05,-63.43,75.2,44,20,6.93
284,Marfino,RU,2020-04-16 23:59:31,55.7,37.38,37.4,79,75,15.66
285,Wajima,JP,2020-04-16 23:59:32,37.4,136.9,48.2,66,31,9.17
286,Storforshei,NO,2020-04-16 23:59:32,66.4,14.52,32.61,89,98,7.05
287,Ballangen,NO,2020-04-16 23:59:32,68.34,16.83,30.99,100,99,10.29
288,Tulun,RU,2020-04-16 23:59:32,54.56,100.58,40.05,67,100,6.26
289,Baykit,RU,2020-04-16 23:59:32,61.67,96.37,34.75,83,81,0.85
290,Telimele,GN,2020-04-16 23:59:33,10.92,-13.33,77.41,66,96,1.9
291,Sibolga,ID,2020-04-16 23:59:33,1.74,98.78,77.7,78,93,2.57
292,Clonakilty,IE,2020-04-16 23:59:33,51.62,-8.87,50.0,100,75,6.93
293,Umm Kaddadah,SD,2020-04-16 23:59:33,13.6,26.69,70.43,14,29,14.32
294,Nandi Hills,KE,2020-04-16 23:59:33,0.11,35.18,59.0,55,100,4.09
295,Longyearbyen,SJ,2020-04-16 23:59:33,78.22,15.64,30.2,74,75,6.93
296,Zyryanka,RU,2020-04-16 23:59:34,65.75,150.85,4.21,92,100,18.59
297,Los Llanos De Aridane,ES,2020-04-16 23:59:34,28.66,-17.92,68.0,68,90,9.17
298,Gull Lake,CA,2020-04-16 23:59:34,50.1,-108.48,39.2,44,20,13.87
299,Santo Domingo,DO,2020-04-16 23:59:34,18.5,-69.99,82.4,74,20,3.38
300,Fergus Falls,US,2020-04-16 23:59:35,46.28,-96.08,46.4,41,75,13.87
301,Petropavl,KZ,2020-04-16 23:59:35,54.88,69.16,45.25,57,97,12.17
302,Donskoye,RU,2020-04-16 23:59:35,45.46,41.97,39.2,69,1,20.13
303,Juelsminde,DK,2020-04-16 23:59:35,55.71,10.02,39.0,86,0,5.82
304,Iqaluit,CA,2020-04-16 23:56:43,63.75,-68.51,8.6,78,75,19.46
305,Praia,CV,2020-04-16 23:59:36,14.92,-23.51,70.5,77,71,12.46
306,Nome,US,2020-04-16 23:59:36,64.5,-165.41,34.0,100,90,13.87
307,Martapura,ID,2020-04-16 23:59:36,-3.42,114.85,78.8,94,20,2.24
308,Bombay,IN,2020-04-16 23:57:14,19.01,72.85,84.2,83,40,2.04
309,Saint-Pierre,RE,2020-04-16 23:59:37,-21.34,55.48,75.2,69,23,13.87
310,Mandalgovi,MN,2020-04-16 23:59:37,45.76,106.27,42.89,31,10,2.42
311,Mackenzie,CA,2020-04-16 23:59:37,55.3,-123.17,55.4,35,1,13.87
312,Ginir,ET,2020-04-16 23:59:37,7.13,40.7,59.31,57,23,2.26
313,Gat,IL,2020-04-16 23:59:37,31.61,34.76,62.6,77,75,5.82
314,Laramie,US,2020-04-16 23:54:42,41.31,-105.59,23.0,73,90,5.82
315,Chernyshevskiy,RU,2020-04-16 23:59:38,63.01,112.47,14.09,91,54,7.34
316,Pitangui,BR,2020-04-16 23:59:38,-19.68,-44.89,66.65,75,97,2.55
317,Bima,ID,2020-04-16 23:59:38,-8.47,118.72,81.59,72,41,0.83
318,Baruun-Urt,MN,2020-04-16 23:59:38,46.68,113.28,46.09,34,2,5.95
319,Ahipara,NZ,2020-04-16 23:59:39,-35.17,173.17,66.29,85,100,18.25
320,Cururupu,BR,2020-04-16 23:59:39,-1.83,-44.87,78.35,87,79,3.27
321,Cap Malheureux,MU,2020-04-16 23:59:39,-19.98,57.61,77.0,73,40,11.41
322,Avera,US,2020-04-16 23:59:39,33.19,-82.53,71.6,32,1,3.36
323,Skibbereen,IE,2020-04-16 23:59:39,51.55,-9.27,48.2,100,75,6.93
324,Savannah Bight,HN,2020-04-16 23:59:40,16.45,-85.85,82.26,79,71,21.74
325,Biak,ID,2020-04-16 23:59:40,-0.91,122.88,81.88,74,12,1.88
326,Chicama,PE,2020-04-16 23:59:40,-7.84,-79.15,69.8,88,11,8.05
327,Shenxian,CN,2020-04-16 23:59:40,36.24,115.67,61.83,30,0,13.96
328,Sangar,RU,2020-04-16 23:59:40,63.92,127.47,12.07,76,63,1.95
329,Bloomingdale,US,2020-04-16 23:59:41,27.89,-82.24,69.8,88,90,9.17
330,Shiyan,CN,2020-04-16 23:59:41,32.65,110.78,56.77,60,100,2.66
331,Caravelas,BR,2020-04-16 23:59:41,-17.71,-39.25,78.21,86,30,6.73
332,Presidente Epitacio,BR,2020-04-16 23:59:41,-21.76,-52.12,59.81,62,0,4.16
333,Vestmanna,FO,2020-04-16 23:59:41,62.16,-7.17,39.2,86,47,9.62
334,Mitsamiouli,KM,2020-04-16 23:59:41,-11.38,43.28,83.57,72,100,6.31
335,Floresta,BR,2020-04-16 23:59:42,-8.6,-38.57,76.3,74,95,11.56
336,Mendoza,AR,2020-04-16 23:57:32,-32.89,-68.83,71.6,56,6,2.24
337,Bosaso,SO,2020-04-16 23:59:42,11.28,49.18,83.19,72,10,3.2
338,Mgandu,TZ,2020-04-16 23:59:42,-5.95,34.13,61.54,65,63,8.21
339,Salinopolis,BR,2020-04-16 23:59:43,-0.61,-47.36,81.18,78,94,4.85
340,Hervey Bay,AU,2020-04-16 23:59:43,-25.3,152.85,82.99,69,0,8.05
341,Carballo,ES,2020-04-16 23:59:43,43.21,-8.69,57.0,100,40,9.17
342,Saldanha,ZA,2020-04-16 23:59:43,-33.01,17.94,57.2,87,83,3.36
343,Almeirim,BR,2020-04-16 23:59:43,-1.52,-52.58,75.85,86,51,1.92
344,Provideniya,RU,2020-04-16 23:59:44,64.38,-173.3,32.0,97,90,13.42
345,Thai Binh,VN,2020-04-16 23:55:48,20.45,106.33,73.4,94,100,5.82
346,Saint-Georges,GD,2020-04-16 23:59:44,12.06,-61.75,80.6,78,40,18.34
347,Sao Felix Do Xingu,BR,2020-04-16 23:59:44,-6.64,-51.99,73.24,90,49,1.79
348,Las Lomas,PA,2020-04-16 23:59:44,8.43,-82.4,87.8,66,20,3.36
349,Lofthus,NO,2020-04-16 23:59:45,59.95,10.8,39.0,47,4,5.82
350,Tyup,KG,2020-04-16 23:59:45,42.73,78.36,42.55,34,97,4.23
351,Tazmalt,DZ,2020-04-16 23:59:45,36.39,4.4,60.8,93,40,8.05
352,Sompeta,IN,2020-04-16 23:57:12,18.93,84.6,79.47,83,21,12.06
353,Tefe,BR,2020-04-16 23:59:45,-3.35,-64.71,77.04,88,80,0.89
354,Quibdo,CO,2020-04-16 23:59:46,5.69,-76.66,78.8,88,75,0.87
355,Klyuchi,RU,2020-04-16 23:59:46,52.27,79.17,45.61,65,2,1.23
356,Jibuti,DJ,2020-04-16 23:59:46,11.5,42.5,82.4,83,75,9.19
357,Ixtapa,MX,2020-04-16 23:59:46,20.7,-105.2,77.0,65,75,11.41
358,Compiegne,FR,2020-04-16 23:59:47,49.42,2.83,60.01,67,73,4.7
359,San Cristobal,VE,2020-04-16 23:57:38,7.77,-72.22,70.3,53,39,0.51
360,Pevek,RU,2020-04-16 23:59:47,69.7,170.31,15.33,94,97,3.11
361,Kindersley,CA,2020-04-16 23:59:47,51.47,-109.17,46.0,39,75,16.11
362,Seoul,KR,2020-04-16 23:57:43,37.57,126.98,53.6,71,90,4.7
363,Gedo,ET,2020-04-16 23:59:48,9.02,37.45,57.52,45,97,1.9
364,Batagay,RU,2020-04-16 23:59:48,67.63,134.63,2.64,87,100,8.81
365,Lavrentiya,RU,2020-04-16 23:59:49,65.58,-171.0,30.76,97,100,9.17
366,Turayf,SA,2020-04-16 23:58:29,31.67,38.66,64.4,48,75,13.87
367,Novouzensk,RU,2020-04-16 23:59:49,50.46,48.14,43.41,64,88,23.64
368,Rio Grande,BR,2020-04-16 23:54:55,-32.03,-52.1,63.0,87,7,12.71
369,Manjacaze,MZ,2020-04-16 23:59:49,-24.71,33.88,72.81,93,83,2.26
370,Zhuhai,CN,2020-04-16 23:59:50,22.28,113.57,75.99,100,20,5.82
371,Sao Joao Da Barra,BR,2020-04-16 23:59:50,-21.64,-41.05,74.48,91,59,9.42
372,Laguna,US,2020-04-16 23:59:50,38.42,-121.42,82.0,29,1,4.7
373,Saeby,DK,2020-04-16 23:59:50,57.33,10.52,34.0,90,3,5.39
374,Lasem,ID,2020-04-16 23:59:50,-6.69,111.45,81.93,80,44,4.27
375,Sechura,PE,2020-04-16 23:59:51,-5.56,-80.82,75.79,68,66,17.11
376,Naze,JP,2020-04-16 23:59:51,28.37,129.48,69.8,64,75,9.17
377,Iquique,CL,2020-04-16 23:59:51,-20.22,-70.14,68.0,72,1,19.46
378,Sao Gabriel Da Cachoeira,BR,2020-04-16 23:59:52,-0.13,-67.09,75.87,91,85,2.08
379,Ostersund,SE,2020-04-16 23:59:52,63.18,14.64,33.01,85,31,21.92
380,Wildwood,US,2020-04-16 23:59:52,38.58,-90.66,60.01,33,1,13.87
381,Hovd,MN,2020-04-16 23:59:52,48.01,91.64,40.19,48,100,3.36
382,Asilah,MA,2020-04-16 23:59:53,35.47,-6.03,60.8,100,40,6.93
383,Norton,ZW,2020-04-16 23:59:53,-17.88,30.7,63.86,54,35,7.09
384,Severnyy-Kospashskiy,RU,2020-04-16 23:59:53,59.09,57.8,33.01,84,100,3.0
385,Bjornevatn,NO,2020-04-16 23:59:53,69.67,29.98,33.8,91,100,19.46
386,Anadyr,RU,2020-04-16 23:59:53,64.75,177.48,15.8,85,20,15.66
387,Hibbing,US,2020-04-16 23:59:54,47.43,-92.94,37.99,29,75,11.41
388,Sambava,MG,2020-04-16 23:59:54,-14.27,50.17,74.32,87,14,8.3
389,Codrington,AU,2020-04-16 23:59:54,-38.27,141.97,59.74,66,69,19.66
390,Sciacca,IT,2020-04-16 23:59:54,37.51,13.09,53.6,93,20,8.05
391,Katsuura,JP,2020-04-16 23:59:55,35.13,140.3,57.99,62,40,9.17
392,Denpasar,ID,2020-04-16 23:58:29,-8.65,115.22,81.81,77,82,2.91
393,Mount Isa,AU,2020-04-16 23:59:55,-20.73,139.5,86.0,33,35,9.17
394,Sirari,TZ,2020-04-16 23:59:55,-1.23,34.43,63.18,63,100,4.43
395,Batemans Bay,AU,2020-04-16 23:59:55,-35.72,150.18,66.99,67,46,1.99
396,Jizan,SA,2020-04-16 23:59:56,17.33,42.67,82.4,74,20,4.7
397,Harnosand,SE,2020-04-17 00:00:07,62.63,17.94,37.99,64,0,12.75
398,Asau,RO,2020-04-16 23:57:04,46.43,26.4,48.2,57,28,4.7
399,San Lazaro,BZ,2020-04-17 00:00:08,18.04,-88.66,86.0,66,5,14.99
400,Nizhniy Kuranakh,RU,2020-04-17 00:00:11,58.84,125.49,15.12,86,70,5.26
401,Harlingen,US,2020-04-16 23:55:52,26.19,-97.7,75.2,64,90,12.75
402,Owatonna,US,2020-04-17 00:00:12,44.08,-93.23,41.0,64,86,14.99
403,Progreso,MX,2020-04-17 00:00:12,21.28,-89.67,89.6,46,40,11.41
404,Ilebo,CD,2020-04-17 00:00:13,-4.32,20.58,73.72,84,99,2.01
405,Kibala,TD,2020-04-17 00:00:13,9.11,18.35,86.88,15,24,1.54
406,Piney Green,US,2020-04-17 00:00:13,34.72,-77.32,66.2,25,1,10.29
407,Alofi,NU,2020-04-17 00:00:14,-19.06,-169.92,80.1,73,100,14.07
408,Namatanai,PG,2020-04-17 00:00:14,-3.67,152.43,79.09,86,99,14.0
409,Adrar,MR,2020-04-17 00:00:15,20.5,-10.07,85.62,24,35,6.06
410,Omboue,GA,2020-04-17 00:00:15,-1.57,9.26,78.73,88,100,5.68
411,Neiafu,TO,2020-04-17 00:00:16,-18.65,-173.98,78.8,83,75,3.87
412,Aqtobe,KZ,2020-04-17 00:00:10,50.28,57.21,37.4,93,75,6.71
413,Kununurra,AU,2020-04-17 00:00:16,-15.77,128.73,82.4,69,97,1.12
414,Amahai,ID,2020-04-17 00:00:17,-3.33,128.92,83.23,72,100,4.07
415,Paranaiba,BR,2020-04-17 00:00:17,-19.68,-51.19,64.72,66,0,5.93
416,Areosa,PT,2020-04-17 00:00:17,41.72,-8.86,59.0,87,40,17.22
417,Valparaiso,CL,2020-04-16 23:59:26,-33.04,-71.63,59.0,77,26,5.82
418,Qui Nhon,VN,2020-04-17 00:00:18,13.77,109.23,77.9,78,96,2.3
419,Port Blair,IN,2020-04-17 00:00:18,11.67,92.75,82.72,74,95,3.8
420,Panorama,GR,2020-04-17 00:00:18,40.59,23.03,51.01,93,1,5.82
421,Mantua,IT,2020-04-17 00:00:19,45.17,10.78,54.0,65,7,3.36
422,Sisimiut,GL,2020-04-17 00:00:19,66.94,-53.67,26.8,91,99,11.79
423,Worgl,AT,2020-04-17 00:00:19,47.48,12.07,48.2,66,36,2.24
424,Santa Isabel,BR,2020-04-17 00:00:20,-23.32,-46.22,72.0,88,90,4.7
425,Vila,PT,2020-04-17 00:00:20,42.03,-8.16,59.0,93,75,6.93
426,Upington,ZA,2020-04-17 00:00:20,-28.45,21.26,57.2,22,4,6.93
427,Vilyuysk,RU,2020-04-17 00:00:20,63.76,121.62,6.58,88,12,12.53
428,Vardo,NO,2020-04-17 00:00:21,70.37,31.11,35.85,85,99,20.51
429,Mangrol,IN,2020-04-17 00:00:21,21.12,70.12,78.71,64,39,10.67
430,Bathsheba,BB,2020-04-17 00:00:21,13.22,-59.52,78.8,69,40,14.99
431,Nuuk,GL,2020-04-17 00:00:21,64.18,-51.72,30.2,80,98,31.09
432,Pisco,PE,2020-04-17 00:00:22,-13.7,-76.22,73.0,30,11,19.46
433,Fare,PF,2020-04-17 00:00:22,-16.7,-151.02,83.86,68,12,8.21
434,Adelaide,AU,2020-04-16 23:55:50,-34.93,138.6,64.99,48,75,12.75
435,Lensk,RU,2020-04-17 00:00:24,60.73,114.93,21.11,88,38,9.01
436,Skeldon,GY,2020-04-17 00:00:24,5.88,-57.13,77.43,81,16,8.23
437,Port Macquarie,AU,2020-04-16 23:56:17,-31.43,152.92,82.0,53,74,6.42
438,Sheridan,US,2020-04-17 00:00:24,44.83,-106.92,35.01,50,90,10.29
439,Salalah,OM,2020-04-17 00:00:25,17.02,54.09,82.4,74,20,3.36
440,Gao,ML,2020-04-17 00:00:25,16.64,1.64,86.45,11,10,9.42
441,Aswan,EG,2020-04-17 00:00:25,24.09,32.91,75.13,19,66,12.5
442,Tahoua,NE,2020-04-17 00:00:26,14.89,5.27,82.83,12,8,9.06
443,Belmonte,BR,2020-04-17 00:00:26,-15.86,-38.88,80.6,78,2,5.82
444,Singaraja,ID,2020-04-17 00:00:26,-8.11,115.09,83.37,73,80,3.89
445,Aksu,CN,2020-04-17 00:00:27,41.12,80.26,54.9,43,100,10.45
446,Rajakhera,IN,2020-04-17 00:00:27,26.9,78.17,83.62,14,99,4.61
447,Abha,SA,2020-04-17 00:00:27,18.22,42.51,59.0,87,0,6.93
448,Mizdah,LY,2020-04-17 00:00:28,31.45,12.98,61.88,58,18,8.41
449,La Ronge,CA,2020-04-17 00:00:28,55.1,-105.28,41.0,38,40,10.29
450,Raudeberg,NO,2020-04-17 00:00:28,61.99,5.14,39.2,60,28,4.7
451,La Esperanza,GT,2020-04-17 00:00:29,14.87,-91.57,64.99,51,33,6.15
452,Sakakah,SA,2020-04-17 00:00:29,29.97,40.21,68.0,20,38,12.75
453,Salyan,AZ,2020-04-17 00:00:29,39.59,48.98,49.96,70,99,5.7
454,Belaya Gora,RU,2020-04-17 00:00:30,68.53,146.42,1.08,92,100,8.84
455,Auki,SB,2020-04-17 00:00:30,-8.77,160.7,80.53,79,100,8.52
456,Fonte Boa,BR,2020-04-17 00:00:30,-2.5,-66.27,76.39,90,99,1.32
457,Port Hedland,AU,2020-04-17 00:00:35,-20.32,118.57,80.6,83,98,4.7
458,Bambanglipuro,ID,2020-04-17 00:00:35,-7.95,110.28,80.4,82,88,6.55
459,Berbera,SO,2020-04-17 00:00:35,10.44,45.01,83.14,76,97,5.75
460,Bara,NG,2020-04-17 00:00:36,10.37,10.73,85.24,11,0,8.46
461,Darnah,LY,2020-04-17 00:00:36,32.77,22.64,58.39,69,2,20.47
462,Palatka,US,2020-04-17 00:00:36,29.65,-81.64,68.0,51,1,11.41
463,Marsa Matruh,EG,2020-04-17 00:00:37,31.35,27.25,59.0,72,75,11.41
464,Kavaratti,IN,2020-04-17 00:00:37,10.57,72.64,83.75,68,77,2.24
465,Bayangol,RU,2020-04-17 00:00:37,50.7,103.47,39.92,38,47,1.34
466,Staryy Nadym,RU,2020-04-17 00:00:37,65.61,72.68,29.32,98,99,15.79
467,Atlantis,ZA,2020-04-17 00:00:38,-33.57,18.48,59.0,93,91,4.7
468,Greytown,ZA,2020-04-17 00:00:38,-29.06,30.59,55.2,71,87,1.39
469,Ponta Delgada,PT,2020-04-17 00:00:38,37.73,-25.67,55.4,87,20,3.36
470,Masyaf,SY,2020-04-17 00:00:38,35.07,36.34,66.2,55,40,17.22
471,Kars,TR,2020-04-17 00:00:39,40.6,43.09,39.2,86,75,5.82
472,Oros,BR,2020-04-17 00:00:39,-6.24,-38.91,74.89,87,100,6.93
473,Turochak,RU,2020-04-17 00:00:39,52.26,87.12,37.67,70,40,3.38
474,Sironko,UG,2020-04-17 00:00:40,1.23,34.25,68.92,57,88,1.97
475,Florence,IT,2020-04-16 23:59:00,43.77,11.25,48.99,70,8,4.7
476,Synya,RU,2020-04-17 00:00:40,65.37,58.04,30.11,96,100,4.7
477,Koumac,NC,2020-04-17 00:00:40,-20.57,164.28,80.8,68,6,1.81
478,Tupiza,BO,2020-04-17 00:00:41,-21.45,-65.72,51.22,25,46,8.77
479,Korla,CN,2020-04-16 23:58:11,41.76,86.15,58.39,43,100,9.95
480,Muzaffarpur,IN,2020-04-17 00:00:41,26.12,85.4,75.2,100,13,5.82
481,Upata,VE,2020-04-17 00:00:41,8.01,-62.4,81.82,39,45,5.55
482,Kahului,US,2020-04-17 00:00:42,20.89,-156.47,84.2,48,40,21.92
483,Berezovyy,RU,2020-04-17 00:00:43,51.67,135.7,52.63,38,0,7.63
484,Kidal,ML,2020-04-17 00:00:43,18.44,1.41,84.63,18,39,10.76
485,Honiara,SB,2020-04-17 00:00:43,-9.43,159.95,84.2,83,75,4.7
486,Eyl,SO,2020-04-17 00:00:44,7.98,49.82,83.16,75,4,9.17
487,Tingi,TZ,2020-04-17 00:00:44,-11.3,35.03,63.37,66,21,5.14
488,Norman Wells,CA,2020-04-17 00:00:44,65.28,-126.83,44.6,81,75,12.75
489,Hobyo,SO,2020-04-17 00:00:45,5.35,48.53,84.02,76,65,11.68
490,Bahir Dar,ET,2020-04-17 00:00:45,11.59,37.39,70.47,20,16,3.18
491,Omsukchan,RU,2020-04-17 00:00:45,62.53,155.8,16.05,88,100,7.27
492,Morondava,MG,2020-04-17 00:00:45,-20.28,44.28,77.23,72,0,6.6
493,Na Wa,TH,2020-04-17 00:00:46,17.49,104.1,79.0,88,95,3.33
494,Alihe,CN,2020-04-17 00:00:46,50.57,123.72,53.94,31,0,2.86
495,Kedrovyy,RU,2020-04-17 00:00:46,56.17,91.82,35.6,93,75,6.71
496,Jacareacanga,BR,2020-04-17 00:00:46,-6.22,-57.75,73.9,92,85,0.43
497,Souillac,MU,2020-04-17 00:00:47,-20.52,57.52,77.0,73,40,11.41
498,Takoradi,GH,2020-04-17 00:00:47,4.88,-1.76,82.13,85,54,10.04
499,Nunspeet,NL,2020-04-17 00:00:47,52.37,5.77,52.0,71,90,9.17
500,Kirn,DE,2020-04-17 00:00:47,49.78,7.45,57.2,50,20,3.36
501,Kutum,SD,2020-04-17 00:00:47,14.2,24.67,60.4,15,12,8.88
502,Maryborough,AU,2020-04-17 00:00:49,-25.53,152.7,78.6,58,0,6.04
503,Nerang,AU,2020-04-17 00:00:49,-27.98,153.33,82.0,57,2,9.17
504,Qasigiannguit,GL,2020-04-17 00:00:49,68.82,-51.19,32.0,86,81,18.34
505,Brae,GB,2020-04-17 00:00:50,60.4,-1.35,41.0,67,15,1.12
506,Leningradskiy,RU,2020-04-17 00:00:51,69.38,178.42,16.18,95,100,8.68
507,Hajnowka,PL,2020-04-17 00:00:51,52.74,23.58,39.0,85,25,6.24
508,Weinan,CN,2020-04-17 00:00:52,34.5,109.51,57.2,33,86,6.71
509,Byron Bay,AU,2020-04-17 00:00:52,-28.65,153.62,80.6,51,16,9.17
510,Maceio,BR,2020-04-17 00:00:12,-9.67,-35.74,75.2,94,75,10.29
511,Mponela,MW,2020-04-17 00:00:52,-13.53,33.74,61.84,68,31,2.64
512,Narrabri,AU,2020-04-17 00:00:30,-30.32,149.78,77.0,36,40,12.75
513,Salinas,US,2020-04-17 00:00:12,36.68,-121.66,66.99,71,90,14.99
514,Aransas Pass,US,2020-04-17 00:00:53,27.91,-97.15,75.2,57,1,12.75
515,Pangnirtung,CA,2020-04-17 00:00:53,66.15,-65.71,17.91,89,100,3.02
516,Ganzhou,CN,2020-04-17 00:00:53,28.82,115.43,72.82,71,51,1.5
517,Hajdudorog,HU,2020-04-17 00:00:54,47.82,21.5,44.6,70,67,5.82
518,Yelizovo,RU,2020-04-17 00:00:55,53.19,158.38,39.2,69,75,2.24
519,Solnechnyy,RU,2020-04-17 00:00:55,50.72,136.63,50.54,39,0,3.8
520,Shenkursk,RU,2020-04-17 00:00:55,62.11,42.9,35.64,95,100,6.4
521,Jalpan,MX,2020-04-17 00:00:55,21.23,-99.48,78.91,47,11,7.09
522,Aguimes,ES,2020-04-17 00:00:56,27.91,-15.45,66.2,72,75,6.93
523,Bethanien,NA,2020-04-17 00:00:56,-26.5,17.16,57.52,23,75,3.94
524,Celestun,MX,2020-04-17 00:00:59,20.87,-90.4,81.39,76,77,18.7
525,Mabaruma,GY,2020-04-17 00:01:00,8.2,-59.78,75.78,79,37,6.42
526,Holme,DK,2020-04-17 00:01:00,56.11,10.17,39.2,80,0,5.82
527,Whithorn,JM,2020-04-17 00:01:00,18.26,-78.04,84.2,74,75,5.82
528,Shingu,JP,2020-04-17 00:01:00,33.73,135.98,62.6,67,65,4.7
529,Elektrogorsk,RU,2020-04-17 00:01:01,55.88,38.79,37.4,86,90,17.9
530,Formosa,AR,2020-04-17 00:01:01,-26.18,-58.18,64.4,59,4,6.93
531,College,US,2020-04-16 23:56:56,64.86,-147.8,46.4,70,90,11.41
532,Cockburn Town,TC,2020-04-16 23:57:50,21.46,-71.14,79.09,80,7,13.91
533,Werder,DE,2020-04-17 00:01:01,52.38,12.93,52.0,66,84,2.24
534,Oriximina,BR,2020-04-17 00:01:02,-1.77,-55.87,78.08,88,97,2.06
535,Xinxiang,CN,2020-04-17 00:01:02,35.31,113.87,62.31,29,0,4.63
536,Curup,ID,2020-04-17 00:01:02,-3.47,102.53,68.67,79,100,2.24
537,Gangtok,IN,2020-04-17 00:01:02,27.33,88.62,55.33,34,47,4.41
538,Kungurtug,RU,2020-04-17 00:01:03,50.6,97.52,37.29,55,100,3.51
539,Wlodawa,PL,2020-04-17 00:01:03,51.55,23.55,46.4,65,98,4.7
540,Mackay,AU,2020-04-16 23:56:46,-21.15,149.2,82.0,78,37,8.05
541,Kirakira,SB,2020-04-17 00:01:03,-10.45,161.92,80.01,81,100,4.97
542,Campechuela,CU,2020-04-17 00:01:04,20.23,-77.28,79.9,76,64,3.36
543,Vylkove,UA,2020-04-17 00:01:04,45.4,29.59,50.34,64,83,10.56
544,Amapa,BR,2020-04-17 00:01:04,1.0,-52.0,75.31,87,88,2.77
545,Lindi,TZ,2020-04-17 00:01:04,-10.0,39.72,77.0,94,75,7.78
546,Pitimbu,BR,2020-04-17 00:01:05,-7.47,-34.81,77.0,100,75,2.24
547,Aktash,RU,2020-04-16 23:57:07,50.3,87.73,19.72,54,9,0.65
548,Sinnamary,GF,2020-04-17 00:01:05,5.38,-52.95,79.54,85,98,11.34
549,Sioux Lookout,CA,2020-04-16 23:58:07,50.1,-91.92,32.0,81,40,10.29
550,Bogotol,RU,2020-04-17 00:01:06,56.21,89.53,35.42,88,93,7.7
551,Perth,AU,2020-04-17 00:00:21,-31.93,115.83,64.4,48,100,9.17
552,Kangaatsiaq,GL,2020-04-17 00:01:06,68.31,-53.46,29.17,97,100,2.64
553,General Roca,AR,2020-04-17 00:01:06,-39.03,-67.58,68.0,64,87,6.02
554,Shelburne,CA,2020-04-17 00:01:06,44.08,-80.2,36.0,40,20,13.87
555,Santa Helena,BR,2020-04-17 00:01:07,-2.23,-45.3,76.89,92,93,1.72
556,Rosetta,EG,2020-04-17 00:01:07,31.4,30.42,62.6,82,40,16.11
557,Tambopata,PE,2020-04-17 00:01:07,-12.73,-69.18,67.21,74,68,1.03
558,Ballina,AU,2020-04-17 00:01:07,-28.87,153.57,80.6,51,15,9.17
559,Khasan,RU,2020-04-17 00:01:07,42.43,130.64,45.97,81,100,12.59
560,Belyy Yar,RU,2020-04-17 00:01:08,53.6,91.39,42.8,70,87,4.47
561,Hay River,CA,2020-04-17 00:01:08,60.82,-115.8,44.6,48,75,8.05
562,Zhangye,CN,2020-04-17 00:01:08,38.93,100.45,52.0,20,100,3.31
563,Venafro,IT,2020-04-17 00:01:08,41.48,14.05,50.0,100,89,2.24
564,Saint-Joseph,RE,2020-04-16 23:57:03,-21.37,55.62,75.2,69,19,13.87
565,Buala,SB,2020-04-16 23:57:44,-8.14,159.59,81.45,81,100,6.22
566,Lazaro Cardenas,MX,2020-04-16 23:58:43,17.96,-102.2,82.74,47,0,5.39
567,West Bay,KY,2020-04-17 00:01:09,19.37,-81.42,86.0,79,20,9.17
568,Saint-Paul,RE,2020-04-17 00:01:09,-21.01,55.27,75.2,69,20,17.22
569,Uyuni,BO,2020-04-17 00:01:10,-20.46,-66.83,48.42,12,3,1.34
570,Bermejo,AR,2020-04-17 00:01:10,-32.88,-68.8,71.6,56,5,2.24
571,Havoysund,NO,2020-04-17 00:01:10,71.0,24.66,35.6,69,100,21.92
